"Status","Start Time","Stop Time","Duration in ms","Parent Suite","Suite","Sub Suite","Test Class","Test Method","Name","Description"
"passed","Tue Jun 06 02:43:52 EEST 2023","Tue Jun 06 02:43:52 EEST 2023","0","tests","test_test","","","","test_function3",""
"passed","Tue Jun 06 02:43:52 EEST 2023","Tue Jun 06 02:43:52 EEST 2023","0","tests","test_test2","","","","test_function1",""
"passed","Tue Jun 06 02:43:52 EEST 2023","Tue Jun 06 02:43:52 EEST 2023","0","tests","test_test","","","","test_function4",""
"passed","Tue Jun 06 02:43:52 EEST 2023","Tue Jun 06 02:43:52 EEST 2023","0","tests","test_test2","","","","test_function4",""
"passed","Tue Jun 06 02:43:52 EEST 2023","Tue Jun 06 02:43:52 EEST 2023","0","tests","test_test2","","","","test_function3",""
"passed","Tue Jun 06 02:43:52 EEST 2023","Tue Jun 06 02:43:52 EEST 2023","0","tests","test_test","","","","test_function1",""
"passed","Tue Jun 06 02:43:52 EEST 2023","Tue Jun 06 02:43:52 EEST 2023","0","tests","test_test","","","","test_function2",""
"passed","Tue Jun 06 02:43:52 EEST 2023","Tue Jun 06 02:43:52 EEST 2023","0","tests","test_test","","","","test_function6",""
"passed","Tue Jun 06 02:43:52 EEST 2023","Tue Jun 06 02:43:52 EEST 2023","0","tests","test_test2","","","","test_function6",""
"passed","Tue Jun 06 02:43:52 EEST 2023","Tue Jun 06 02:43:52 EEST 2023","0","tests","test_test2","","","","test_function5",""
"passed","Tue Jun 06 02:43:52 EEST 2023","Tue Jun 06 02:43:52 EEST 2023","0","tests","test_test","","","","test_function5",""
"passed","Tue Jun 06 02:43:52 EEST 2023","Tue Jun 06 02:43:52 EEST 2023","0","tests","test_test2","","","","test_function2",""
